{
  "clean": {
    "image_level": {
      "auroc": 97.42063492063492,
      "f1_max": 84.84848435261708,
      "ap": 93.61511539143119
    },
    "pixel_level": {
      "auroc": 95.33689776120521,
      "pro": 29.535681104290955,
      "ap": 50.88694692577435
    },
    "n_samples": 74
  },
  "noisy": {
    "image_level": {
      "auroc": 87.00396825396825,
      "f1_max": 75.86206849464924,
      "ap": 81.33140933140935
    },
    "pixel_level": {
      "auroc": 91.81948060451154,
      "pro": 58.26781925065566,
      "ap": 34.91051079155625
    },
    "n_samples": 74
  },
  "delta": {
    "image_auroc": -10.416666666666671,
    "image_f1_max": -8.986415857967842,
    "image_ap": -12.283706060021842,
    "pixel_auroc": -3.517417156693668,
    "pixel_pro": 28.732138146364708,
    "pixel_ap": -15.976436134218105
  }
}