{
  "image_threshold": -0.015909608453512192,
  "pixel_threshold": 0.9291562438011169,
  "val_image_f1": 0.6086956472589792,
  "val_pixel_f1": 0.09856951674035377
}