{
  "clean": {
    "image_level": {
      "auroc": 72.91666666666666,
      "f1_max": 54.16666619791668,
      "ap": 46.90322917415434
    },
    "pixel_level": {
      "auroc": 76.98669511061816,
      "pro": 40.70973456425636,
      "ap": 3.8651821025647424
    },
    "n_samples": 74,
    "thresholded": {
      "image_threshold": 0.06543472409248352,
      "pixel_threshold": 0.8851523399353027,
      "image_accuracy": 29.72972972972973,
      "image_precision": 25.71428571428571,
      "image_recall": 100.0,
      "image_f1": 40.909090909090914,
      "pixel_accuracy": 96.18340594287584
    }
  },
  "noisy": {
    "image_level": {
      "auroc": 46.62698412698413,
      "f1_max": 39.560439243086584,
      "ap": 25.825381310369266
    },
    "pixel_level": {
      "auroc": 68.16590528909514,
      "pro": 34.96440169722258,
      "ap": 1.8261829563587344
    },
    "n_samples": 74,
    "thresholded": {
      "image_threshold": 0.06543472409248352,
      "pixel_threshold": 0.8851523399353027,
      "image_accuracy": 24.324324324324326,
      "image_precision": 24.324324324324326,
      "image_recall": 100.0,
      "image_f1": 39.130434782608695,
      "pixel_accuracy": 95.57312619636527
    }
  },
  "delta": {
    "image_auroc": -26.28968253968253,
    "image_f1_max": -14.606226954830099,
    "image_ap": -21.077847863785074,
    "pixel_auroc": -8.820789821523022,
    "pixel_pro": -5.745332867033781,
    "pixel_ap": -2.0389991462060078,
    "image_accuracy": -5.4054054054054035,
    "image_f1": -1.7786561264822183,
    "pixel_accuracy": -0.6102797465105709
  }
}