{
  "per_category": {
    "cable": {
      "image_level": {
        "auroc": 67.9563492063492,
        "f1_max": 48.64864814901389,
        "ap": 45.37107781543299
      },
      "pixel_level": {
        "auroc": 83.0712994565375,
        "pro": 42.33026131005014,
        "ap": 11.288730307838536
      },
      "n_samples": 74,
      "n_anomalous": 18
    }
  },
  "overall": {
    "image_level": {
      "auroc": 67.9563492063492,
      "f1_max": 48.64864814901389,
      "ap": 45.37107781543299
    },
    "pixel_level": {
      "auroc": 83.0712994565375,
      "pro": 42.33026131005014,
      "ap": 11.288730307838536
    },
    "n_samples": 74
  }
}