{
  "image_threshold": 0.06473807245492935,
  "pixel_threshold": 0.8724953532218933,
  "val_image_f1": 0.5999999950000001,
  "val_pixel_f1": 0.04562093977954072,
  "calibration_mode": "clean_only"
}