{
  "image_threshold": 0.058492496609687805,
  "pixel_threshold": 0.8571362495422363,
  "val_image_f1": 0.4545454510330579,
  "val_pixel_f1": 0.07736297714748364
}