{
  "per_category": {
    "cable": {
      "image_level": {
        "auroc": 53.968253968253975,
        "f1_max": 44.444443944444444,
        "ap": 31.715661037542088
      },
      "pixel_level": {
        "auroc": 80.670840539991,
        "pro": 35.05926282214416,
        "ap": 2.7545359827278766
      },
      "n_samples": 74,
      "n_anomalous": 18
    }
  },
  "overall": {
    "image_level": {
      "auroc": 53.968253968253975,
      "f1_max": 44.444443944444444,
      "ap": 31.715661037542088
    },
    "pixel_level": {
      "auroc": 80.670840539991,
      "pro": 35.05926282214416,
      "ap": 2.7545359827278766
    },
    "n_samples": 74
  }
}