{
  "per_category": {
    "cable": {
      "image_level": {
        "auroc": 97.42063492063492,
        "f1_max": 84.84848435261708,
        "ap": 93.61511539143119
      },
      "pixel_level": {
        "auroc": 95.33689776120521,
        "pro": 29.535681104290955,
        "ap": 50.88694692577435
      },
      "n_samples": 74,
      "n_anomalous": 18
    }
  },
  "overall": {
    "image_level": {
      "auroc": 97.42063492063492,
      "f1_max": 84.84848435261708,
      "ap": 93.61511539143119
    },
    "pixel_level": {
      "auroc": 95.33689776120521,
      "pro": 29.535681104290955,
      "ap": 50.88694692577435
    },
    "n_samples": 74
  }
}