{
  "clean": {
    "image_level": {
      "auroc": 46.62698412698413,
      "f1_max": 39.1304344678639,
      "ap": 26.39445106497829
    },
    "pixel_level": {
      "auroc": 83.20862541632013,
      "pro": 53.94392367223041,
      "ap": 3.0098601408489687
    },
    "n_samples": 74
  },
  "noisy": {
    "image_level": {
      "auroc": 49.20634920634921,
      "f1_max": 39.560439243086584,
      "ap": 27.263581692192005
    },
    "pixel_level": {
      "auroc": 80.94847455430522,
      "pro": 52.07581404872712,
      "ap": 2.67393792927719
    },
    "n_samples": 74
  },
  "delta": {
    "image_auroc": 2.5793650793650826,
    "image_f1_max": 0.43000477522268454,
    "image_ap": 0.869130627213714,
    "pixel_auroc": -2.2601508620149104,
    "pixel_pro": -1.868109623503294,
    "pixel_ap": -0.3359222115717788
  }
}