{
  "per_category": {
    "cable": {
      "image_level": {
        "auroc": 72.42063492063492,
        "f1_max": 54.54545406198348,
        "ap": 40.96595763148091
      },
      "pixel_level": {
        "auroc": 80.24380807258059,
        "pro": 27.10317443810989,
        "ap": 3.4971732750550633
      },
      "n_samples": 74,
      "n_anomalous": 18
    }
  },
  "overall": {
    "image_level": {
      "auroc": 72.42063492063492,
      "f1_max": 54.54545406198348,
      "ap": 40.96595763148091
    },
    "pixel_level": {
      "auroc": 80.24380807258059,
      "pro": 27.10317443810989,
      "ap": 3.4971732750550633
    },
    "n_samples": 74,
    "thresholded": {
      "image_threshold": -0.015909608453512192,
      "pixel_threshold": 0.9291562438011169,
      "image_accuracy": 71.62162162162163,
      "image_precision": 42.10526315789473,
      "image_recall": 44.44444444444444,
      "image_f1": 43.24324324324324,
      "pixel_accuracy": 96.86608706618098
    }
  }
}