{
  "clean": {
    "image_level": {
      "auroc": 57.638888888888886,
      "f1_max": 42.857142475102044,
      "ap": 34.99833984569629
    },
    "pixel_level": {
      "auroc": 66.06904880619055,
      "pro": 27.71956321130486,
      "ap": 1.8944560113995448
    },
    "n_samples": 74,
    "thresholded": {
      "image_threshold": 0.1142302080988884,
      "pixel_threshold": 0.9240046739578247,
      "image_accuracy": 29.72972972972973,
      "image_precision": 24.242424242424242,
      "image_recall": 88.88888888888889,
      "image_f1": 38.095238095238095,
      "pixel_accuracy": 95.58656295716716
    }
  },
  "noisy": {
    "image_level": {
      "auroc": 49.702380952380956,
      "f1_max": 42.62295040365493,
      "ap": 28.961937329327185
    },
    "pixel_level": {
      "auroc": 58.6906182480581,
      "pro": 22.905518534608724,
      "ap": 1.2736089655921425
    },
    "n_samples": 74,
    "thresholded": {
      "image_threshold": 0.1142302080988884,
      "pixel_threshold": 0.9240046739578247,
      "image_accuracy": 25.675675675675674,
      "image_precision": 24.65753424657534,
      "image_recall": 100.0,
      "image_f1": 39.56043956043956,
      "pixel_accuracy": 93.23707885223068
    }
  },
  "delta": {
    "image_auroc": -7.93650793650793,
    "image_f1_max": -0.23419207144711152,
    "image_ap": -6.036402516369108,
    "pixel_auroc": -7.37843055813245,
    "pixel_pro": -4.814044676696135,
    "pixel_ap": -0.6208470458074022,
    "image_accuracy": -4.054054054054056,
    "image_f1": 1.465201465201467,
    "pixel_accuracy": -2.3494841049364794
  }
}