{
  "per_category": {
    "cable": {
      "image_level": {
        "auroc": 57.638888888888886,
        "f1_max": 42.857142475102044,
        "ap": 34.99833984569629
      },
      "pixel_level": {
        "auroc": 66.06904880619055,
        "pro": 27.71956321130486,
        "ap": 1.8944560113995448
      },
      "n_samples": 74,
      "n_anomalous": 18
    }
  },
  "overall": {
    "image_level": {
      "auroc": 57.638888888888886,
      "f1_max": 42.857142475102044,
      "ap": 34.99833984569629
    },
    "pixel_level": {
      "auroc": 66.06904880619055,
      "pro": 27.71956321130486,
      "ap": 1.8944560113995448
    },
    "n_samples": 74,
    "thresholded": {
      "image_threshold": 0.1142302080988884,
      "pixel_threshold": 0.9240046739578247,
      "image_accuracy": 29.72972972972973,
      "image_precision": 24.242424242424242,
      "image_recall": 88.88888888888889,
      "image_f1": 38.095238095238095,
      "pixel_accuracy": 95.58656295716716
    }
  }
}