{
  "baseline": "run21_resplit_15es",
  "candidate": "noisy_dae_3ep/dae_noisy_train_rerun",
  "candidate_epochs": 3,
  "comparison_scope": "noisy_only",
  "metrics": {
    "noisy.image_auroc": {
      "baseline": 87.00396825396825,
      "candidate": 58.82936507936508,
      "delta": -28.17460317460317
    },
    "noisy.image_f1_max": {
      "baseline": 75.86206849464924,
      "candidate": 43.24324274360848,
      "delta": -32.61882575104076
    },
    "noisy.image_ap": {
      "baseline": 81.33140933140935,
      "candidate": 41.71730847621294,
      "delta": -39.614100855196405
    },
    "noisy.pixel_auroc": {
      "baseline": 91.81948060451154,
      "candidate": 85.0455695944438,
      "delta": -6.773911010067735
    },
    "noisy.pixel_pro": {
      "baseline": 58.26781925065566,
      "candidate": 45.718315248237886,
      "delta": -12.549504002417777
    },
    "noisy.pixel_ap": {
      "baseline": 34.91051079155625,
      "candidate": 3.416406618787158,
      "delta": -31.49410417276909
    }
  }
}