{
  "clean": {
    "image_level": {
      "auroc": 72.42063492063492,
      "f1_max": 54.54545406198348,
      "ap": 40.96595763148091
    },
    "pixel_level": {
      "auroc": 80.24380807258059,
      "pro": 27.10317443810989,
      "ap": 3.4971732750550633
    },
    "n_samples": 74,
    "thresholded": {
      "image_threshold": -0.015909608453512192,
      "pixel_threshold": 0.9291562438011169,
      "image_accuracy": 71.62162162162163,
      "image_precision": 42.10526315789473,
      "image_recall": 44.44444444444444,
      "image_f1": 43.24324324324324,
      "pixel_accuracy": 96.86608706618098
    }
  },
  "noisy": {
    "image_level": {
      "auroc": 74.30555555555556,
      "f1_max": 53.84615339349112,
      "ap": 46.99513817104166
    },
    "pixel_level": {
      "auroc": 76.55910927105612,
      "pro": 28.5476597291553,
      "ap": 2.9516513354276688
    },
    "n_samples": 74,
    "thresholded": {
      "image_threshold": -0.015909608453512192,
      "pixel_threshold": 0.9291562438011169,
      "image_accuracy": 24.324324324324326,
      "image_precision": 24.324324324324326,
      "image_recall": 100.0,
      "image_f1": 39.130434782608695,
      "pixel_accuracy": 97.20773735826434
    }
  },
  "delta": {
    "image_auroc": 1.8849206349206327,
    "image_f1_max": -0.6993006684923557,
    "image_ap": 6.029180539560748,
    "pixel_auroc": -3.684698801524476,
    "pixel_pro": 1.4444852910454102,
    "pixel_ap": -0.5455219396273945,
    "image_accuracy": -47.297297297297305,
    "image_f1": -4.112808460634547,
    "pixel_accuracy": 0.34165029208335795
  }
}