{
  "clean": {
    "image_level": {
      "auroc": 53.968253968253975,
      "f1_max": 44.444443944444444,
      "ap": 31.715661037542088
    },
    "pixel_level": {
      "auroc": 80.670840539991,
      "pro": 35.05926282214416,
      "ap": 2.7545359827278766
    },
    "n_samples": 74
  },
  "noisy": {
    "image_level": {
      "auroc": 57.936507936507944,
      "f1_max": 47.82608648015124,
      "ap": 36.52630403570345
    },
    "pixel_level": {
      "auroc": 81.22642916371227,
      "pro": 43.36544462098103,
      "ap": 2.746359383936484
    },
    "n_samples": 74
  },
  "delta": {
    "image_auroc": 3.9682539682539684,
    "image_f1_max": 3.3816425357067956,
    "image_ap": 4.810642998161359,
    "pixel_auroc": 0.5555886237212633,
    "pixel_pro": 8.306181798836867,
    "pixel_ap": -0.008176598791392653
  }
}