{
  "overall": {
    "image_level": {
      "auroc": 87.00396825396825,
      "f1_max": 75.86206849464924,
      "ap": 81.33140933140935
    },
    "pixel_level": {
      "auroc": 91.81948060451154,
      "pro": 58.26781925065566,
      "ap": 34.91051079155625
    },
    "n_samples": 74
  }
}