{
  "overall": {
    "image_level": {
      "auroc": 50.69444444444444,
      "f1_max": 39.560439243086584,
      "ap": 27.86635150606732
    },
    "pixel_level": {
      "auroc": 79.91096267902515,
      "pro": 44.87588573485281,
      "ap": 2.6214252980479755
    },
    "n_samples": 74
  }
}