{
  "clean": {
    "image_level": {
      "auroc": 48.80952380952381,
      "f1_max": 39.99999955966942,
      "ap": 27.70661956893841
    },
    "pixel_level": {
      "auroc": 84.10650061072897,
      "pro": 48.92664286620599,
      "ap": 3.282388624134148
    },
    "n_samples": 74
  },
  "noisy": {
    "image_level": {
      "auroc": 50.69444444444444,
      "f1_max": 39.560439243086584,
      "ap": 27.86635150606732
    },
    "pixel_level": {
      "auroc": 79.91096267902515,
      "pro": 44.87588573485281,
      "ap": 2.6214252980479755
    },
    "n_samples": 74
  },
  "delta": {
    "image_auroc": 1.8849206349206327,
    "image_f1_max": -0.4395603165828348,
    "image_ap": 0.15973193712891032,
    "pixel_auroc": -4.195537931703825,
    "pixel_pro": -4.05075713135318,
    "pixel_ap": -0.6609633260861725
  }
}