{
  "per_category": {
    "cable": {
      "image_level": {
        "auroc": 48.80952380952381,
        "f1_max": 39.99999955966942,
        "ap": 27.70661956893841
      },
      "pixel_level": {
        "auroc": 84.10650061072897,
        "pro": 48.92664286620599,
        "ap": 3.282388624134148
      },
      "n_samples": 74,
      "n_anomalous": 18
    }
  },
  "overall": {
    "image_level": {
      "auroc": 48.80952380952381,
      "f1_max": 39.99999955966942,
      "ap": 27.70661956893841
    },
    "pixel_level": {
      "auroc": 84.10650061072897,
      "pro": 48.92664286620599,
      "ap": 3.282388624134148
    },
    "n_samples": 74
  }
}