{
  "overall": {
    "image_level": {
      "auroc": 52.083333333333336,
      "f1_max": 40.7407402962963,
      "ap": 29.729634530998304
    },
    "pixel_level": {
      "auroc": 84.643380049618,
      "pro": 51.980230523375184,
      "ap": 3.2125036954941537
    },
    "n_samples": 74
  }
}