{
  "overall": {
    "image_level": {
      "auroc": 58.82936507936508,
      "f1_max": 43.24324274360848,
      "ap": 41.71730847621294
    },
    "pixel_level": {
      "auroc": 85.0455695944438,
      "pro": 45.718315248237886,
      "ap": 3.416406618787158
    },
    "n_samples": 74
  }
}