{
  "overall": {
    "image_level": {
      "auroc": 49.702380952380956,
      "f1_max": 42.62295040365493,
      "ap": 28.961937329327185
    },
    "pixel_level": {
      "auroc": 58.6906182480581,
      "pro": 22.905518534608724,
      "ap": 1.2736089655921425
    },
    "n_samples": 74,
    "thresholded": {
      "image_threshold": 0.1142302080988884,
      "pixel_threshold": 0.9240046739578247,
      "image_accuracy": 25.675675675675674,
      "image_precision": 24.65753424657534,
      "image_recall": 100.0,
      "image_f1": 39.56043956043956,
      "pixel_accuracy": 93.23707885223068
    }
  }
}