{
  "per_category": {
    "cable": {
      "image_level": {
        "auroc": 46.62698412698413,
        "f1_max": 39.1304344678639,
        "ap": 26.39445106497829
      },
      "pixel_level": {
        "auroc": 83.20862541632013,
        "pro": 53.94392367223041,
        "ap": 3.0098601408489687
      },
      "n_samples": 74,
      "n_anomalous": 18
    }
  },
  "overall": {
    "image_level": {
      "auroc": 46.62698412698413,
      "f1_max": 39.1304344678639,
      "ap": 26.39445106497829
    },
    "pixel_level": {
      "auroc": 83.20862541632013,
      "pro": 53.94392367223041,
      "ap": 3.0098601408489687
    },
    "n_samples": 74
  }
}