{
  "per_category": {
    "cable": {
      "image_level": {
        "auroc": 100.0,
        "f1_max": 99.9999995,
        "ap": 100.00000000000003
      },
      "pixel_level": {
        "auroc": 92.86822223004106,
        "pro": 83.4061267417862,
        "ap": 73.61504848680465
      },
      "n_samples": 150,
      "n_anomalous": 92
    }
  },
  "overall": {
    "image_level": {
      "auroc": 100.0,
      "f1_max": 99.9999995,
      "ap": 100.00000000000003
    },
    "pixel_level": {
      "auroc": 92.86822223004106,
      "pro": 83.4061267417862,
      "ap": 73.61504848680465
    },
    "n_samples": 150
  }
}