{
  "overall": {
    "image_level": {
      "auroc": 45.23809523809524,
      "f1_max": 39.1304344678639,
      "ap": 24.978898619040702
    },
    "pixel_level": {
      "auroc": 85.11935548111532,
      "pro": 44.6810147599366,
      "ap": 3.424047514035581
    },
    "n_samples": 74
  }
}