{
  "overall": {
    "image_level": {
      "auroc": 54.365079365079374,
      "f1_max": 40.50632876205737,
      "ap": 36.47534983519329
    },
    "pixel_level": {
      "auroc": 69.58622694369727,
      "pro": 35.24850589756441,
      "ap": 2.9796854478313706
    },
    "n_samples": 74,
    "thresholded": {
      "image_threshold": 0.007486935704946518,
      "pixel_threshold": 0.7667936682701111,
      "image_accuracy": 64.86486486486487,
      "image_precision": 33.33333333333333,
      "image_recall": 44.44444444444444,
      "image_f1": 38.095238095238095,
      "pixel_accuracy": 95.90875311291673
    }
  }
}