{
  "clean": {
    "image_level": {
      "auroc": 66.66666666666666,
      "f1_max": 48.27586164090369,
      "ap": 51.022485986385625
    },
    "pixel_level": {
      "auroc": 64.20626718962819,
      "pro": 34.45245162561732,
      "ap": 3.5503364342975825
    },
    "n_samples": 74,
    "thresholded": {
      "image_threshold": 0.007486935704946518,
      "pixel_threshold": 0.7667936682701111,
      "image_accuracy": 71.62162162162163,
      "image_precision": 41.17647058823529,
      "image_recall": 38.88888888888889,
      "image_f1": 40.0,
      "pixel_accuracy": 96.55607964070867
    }
  },
  "noisy": {
    "image_level": {
      "auroc": 54.365079365079374,
      "f1_max": 40.50632876205737,
      "ap": 36.47534983519329
    },
    "pixel_level": {
      "auroc": 69.58622694369727,
      "pro": 35.24850589756441,
      "ap": 2.9796854478313706
    },
    "n_samples": 74,
    "thresholded": {
      "image_threshold": 0.007486935704946518,
      "pixel_threshold": 0.7667936682701111,
      "image_accuracy": 64.86486486486487,
      "image_precision": 33.33333333333333,
      "image_recall": 44.44444444444444,
      "image_f1": 38.095238095238095,
      "pixel_accuracy": 95.90875311291673
    }
  },
  "delta": {
    "image_auroc": -12.301587301587283,
    "image_f1_max": -7.76953287884632,
    "image_ap": -14.547136151192333,
    "pixel_auroc": 5.379959754069077,
    "pixel_pro": 0.7960542719470851,
    "pixel_ap": -0.5706509864662119,
    "image_accuracy": -6.756756756756758,
    "image_f1": -1.904761904761905,
    "pixel_accuracy": -0.6473265277919467
  }
}