{
  "per_category": {
    "cable": {
      "image_level": {
        "auroc": 52.87698412698413,
        "f1_max": 40.90909042561984,
        "ap": 32.052538601586036
      },
      "pixel_level": {
        "auroc": 79.87561304011186,
        "pro": 39.000062669195586,
        "ap": 2.5017512121048804
      },
      "n_samples": 74,
      "n_anomalous": 18
    }
  },
  "overall": {
    "image_level": {
      "auroc": 52.87698412698413,
      "f1_max": 40.90909042561984,
      "ap": 32.052538601586036
    },
    "pixel_level": {
      "auroc": 79.87561304011186,
      "pro": 39.000062669195586,
      "ap": 2.5017512121048804
    },
    "n_samples": 74
  }
}