{
  "per_category": {
    "cable": {
      "image_level": {
        "auroc": 89.65517241379311,
        "f1_max": 86.40776649599397,
        "ap": 93.57688221735873
      },
      "pixel_level": {
        "auroc": 69.80651182425856,
        "pro": 25.631528145624443,
        "ap": 5.249328952970641
      },
      "n_samples": 150,
      "n_anomalous": 92
    }
  },
  "overall": {
    "image_level": {
      "auroc": 89.65517241379311,
      "f1_max": 86.40776649599397,
      "ap": 93.57688221735873
    },
    "pixel_level": {
      "auroc": 69.80651182425856,
      "pro": 25.631528145624443,
      "ap": 5.249328952970641
    },
    "n_samples": 150
  }
}