{
  "image_threshold": -0.0537857711315155,
  "pixel_threshold": 0.05945547670125961,
  "val_image_f1": 0.4444444397805213,
  "val_pixel_f1": 0.07015765330204256,
  "calibration_mode": "clean_only"
}