{
  "image_threshold": 0.007486935704946518,
  "pixel_threshold": 0.7667936682701111,
  "val_image_f1": 0.4999999950000001,
  "val_pixel_f1": 0.11831733114871709,
  "calibration_mode": "clean_only"
}