{
  "overall": {
    "image_level": {
      "auroc": 49.20634920634921,
      "f1_max": 39.560439243086584,
      "ap": 27.263581692192005
    },
    "pixel_level": {
      "auroc": 80.94847455430522,
      "pro": 52.07581404872712,
      "ap": 2.67393792927719
    },
    "n_samples": 74
  }
}