{
  "overall": {
    "image_level": {
      "auroc": 57.936507936507944,
      "f1_max": 47.82608648015124,
      "ap": 36.52630403570345
    },
    "pixel_level": {
      "auroc": 81.22642916371227,
      "pro": 43.36544462098103,
      "ap": 2.746359383936484
    },
    "n_samples": 74,
    "thresholded": {
      "image_threshold": -0.06187478452920914,
      "pixel_threshold": 0.08588613569736481,
      "image_accuracy": 24.324324324324326,
      "image_precision": 24.324324324324326,
      "image_recall": 100.0,
      "image_f1": 39.130434782608695,
      "pixel_accuracy": 3.289558770618981
    }
  }
}