{
  "image_threshold": 0.06629828363656998,
  "pixel_threshold": 0.9249926209449768,
  "val_image_f1": 0.48275861617122473,
  "val_pixel_f1": 0.10436782354485122
}