{
  "per_category": {
    "cable": {
      "image_level": {
        "auroc": 44.54365079365079,
        "f1_max": 39.1304344678639,
        "ap": 33.61719811979642
      },
      "pixel_level": {
        "auroc": 82.44177700418203,
        "pro": 37.79284510077225,
        "ap": 2.8366065894114314
      },
      "n_samples": 74,
      "n_anomalous": 18
    }
  },
  "overall": {
    "image_level": {
      "auroc": 44.54365079365079,
      "f1_max": 39.1304344678639,
      "ap": 33.61719811979642
    },
    "pixel_level": {
      "auroc": 82.44177700418203,
      "pro": 37.79284510077225,
      "ap": 2.8366065894114314
    },
    "n_samples": 74
  }
}