{
  "overall": {
    "image_level": {
      "auroc": 45.23809523809524,
      "f1_max": 39.1304344678639,
      "ap": 24.978898619040702
    },
    "pixel_level": {
      "auroc": 85.11935548111532,
      "pro": 44.6810147599366,
      "ap": 3.424047514035581
    },
    "n_samples": 74,
    "thresholded": {
      "image_threshold": -0.0537857711315155,
      "pixel_threshold": 0.05945547670125961,
      "image_accuracy": 24.324324324324326,
      "image_precision": 24.324324324324326,
      "image_recall": 100.0,
      "image_f1": 39.130434782608695,
      "pixel_accuracy": 49.19683625725575
    }
  }
}