{
  "overall": {
    "image_level": {
      "auroc": 57.936507936507944,
      "f1_max": 47.82608648015124,
      "ap": 36.52630403570345
    },
    "pixel_level": {
      "auroc": 81.22642916371227,
      "pro": 43.36544462098103,
      "ap": 2.746359383936484
    },
    "n_samples": 74
  }
}