{
  "clean": {
    "image_level": {
      "auroc": 52.38095238095237,
      "f1_max": 42.85714236734694,
      "ap": 28.861152607575825
    },
    "pixel_level": {
      "auroc": 84.98751253509236,
      "pro": 48.060695224568676,
      "ap": 3.331173595723484
    },
    "n_samples": 74
  },
  "noisy": {
    "image_level": {
      "auroc": 52.083333333333336,
      "f1_max": 40.7407402962963,
      "ap": 29.729634530998304
    },
    "pixel_level": {
      "auroc": 84.643380049618,
      "pro": 51.980230523375184,
      "ap": 3.2125036954941537
    },
    "n_samples": 74
  },
  "delta": {
    "image_auroc": -0.2976190476190368,
    "image_f1_max": -2.1164020710506364,
    "image_ap": 0.868481923422479,
    "pixel_auroc": -0.34413248547436126,
    "pixel_pro": 3.919535298806508,
    "pixel_ap": -0.11866990022933033
  }
}