{
  "per_category": {
    "cable": {
      "image_level": {
        "auroc": 52.38095238095237,
        "f1_max": 42.85714236734694,
        "ap": 28.861152607575825
      },
      "pixel_level": {
        "auroc": 84.98751253509236,
        "pro": 48.060695224568676,
        "ap": 3.331173595723484
      },
      "n_samples": 74,
      "n_anomalous": 18
    }
  },
  "overall": {
    "image_level": {
      "auroc": 52.38095238095237,
      "f1_max": 42.85714236734694,
      "ap": 28.861152607575825
    },
    "pixel_level": {
      "auroc": 84.98751253509236,
      "pro": 48.060695224568676,
      "ap": 3.331173595723484
    },
    "n_samples": 74
  }
}