{
  "image_threshold": 0.1142302080988884,
  "pixel_threshold": 0.9240046739578247,
  "val_image_f1": 0.40816326205747605,
  "val_pixel_f1": 0.07285704064400107
}