{
  "image_threshold": 0.06543472409248352,
  "pixel_threshold": 0.8851523399353027,
  "val_image_f1": 0.4444444409876544,
  "val_pixel_f1": 0.10055808251780253
}