{
  "clean": {
    "image_level": {
      "auroc": 52.87698412698413,
      "f1_max": 40.90909042561984,
      "ap": 32.052538601586036
    },
    "pixel_level": {
      "auroc": 79.87561304011186,
      "pro": 39.000062669195586,
      "ap": 2.5017512121048804
    },
    "n_samples": 74
  },
  "noisy": {
    "image_level": {
      "auroc": 58.82936507936508,
      "f1_max": 43.24324274360848,
      "ap": 41.71730847621294
    },
    "pixel_level": {
      "auroc": 85.0455695944438,
      "pro": 45.718315248237886,
      "ap": 3.416406618787158
    },
    "n_samples": 74
  },
  "delta": {
    "image_auroc": 5.952380952380956,
    "image_f1_max": 2.3341523179886394,
    "image_ap": 9.664769874626906,
    "pixel_auroc": 5.169956554331947,
    "pixel_pro": 6.7182525790423,
    "pixel_ap": 0.9146554066822774
  }
}