{
  "base_config": "configs/default.yaml",
  "epochs": 1,
  "variants": {
    "no_consistency": {
      "clean": {
        "i_auroc": 78.67063492063492,
        "i_f1": 61.53846104142012,
        "i_ap": 57.061032572215176,
        "p_auroc": 78.56913563473685,
        "p_pro": 41.14109499684921,
        "p_ap": 4.037016977918952
      },
      "noisy": {
        "i_auroc": 42.757936507936506,
        "i_f1": 39.99999968,
        "i_ap": 22.86829806381631,
        "p_auroc": 71.66694852981577,
        "p_pro": 39.64417580447453,
        "p_ap": 2.120894938768592
      },
      "delta": {
        "i_auroc": -35.91269841269842,
        "i_f1": -21.53846136142012,
        "i_ap": -34.192734508398864,
        "p_auroc": -6.902187104921083,
        "p_pro": -1.4969191923746834,
        "p_ap": -1.9161220391503604
      }
    },
    "lora_no_consistency": {
      "clean": {
        "i_auroc": 57.638888888888886,
        "i_f1": 42.857142475102044,
        "i_ap": 34.99833984569629,
        "p_auroc": 66.06904880619055,
        "p_pro": 27.71956321130486,
        "p_ap": 1.8944560113995448
      },
      "noisy": {
        "i_auroc": 49.702380952380956,
        "i_f1": 42.62295040365493,
        "i_ap": 28.961937329327185,
        "p_auroc": 58.6906182480581,
        "p_pro": 22.905518534608724,
        "p_ap": 1.2736089655921425
      },
      "delta": {
        "i_auroc": -7.93650793650793,
        "i_f1": -0.23419207144711152,
        "i_ap": -6.036402516369108,
        "p_auroc": -7.37843055813245,
        "p_pro": -4.814044676696135,
        "p_ap": -0.6208470458074022
      }
    }
  }
}