{
  "overall": {
    "image_level": {
      "auroc": 61.80555555555556,
      "f1_max": 45.83333286458333,
      "ap": 41.17117518345744
    },
    "pixel_level": {
      "auroc": 74.36697713222557,
      "pro": 42.33726464925985,
      "ap": 2.9993425413488746
    },
    "n_samples": 74
  }
}