{
  "clean": {
    "image_level": {
      "auroc": 67.9563492063492,
      "f1_max": 48.64864814901389,
      "ap": 45.37107781543299
    },
    "pixel_level": {
      "auroc": 83.0712994565375,
      "pro": 42.33026131005014,
      "ap": 11.288730307838536
    },
    "n_samples": 74
  },
  "noisy": {
    "image_level": {
      "auroc": 61.80555555555556,
      "f1_max": 45.83333286458333,
      "ap": 41.17117518345744
    },
    "pixel_level": {
      "auroc": 74.36697713222557,
      "pro": 42.33726464925985,
      "ap": 2.9993425413488746
    },
    "n_samples": 74
  },
  "delta": {
    "image_auroc": -6.150793650793645,
    "image_f1_max": -2.815315284430554,
    "image_ap": -4.199902631975547,
    "pixel_auroc": -8.704322324311931,
    "pixel_pro": 0.007003339209710191,
    "pixel_ap": -8.28938776648966
  }
}